Mina;Destino;Tipo Material;Grupo ;Distancia;Rango;Pertenencia;;
Esteril La Reliquia;Ratón Pelado;Esteril;OME;1,8; 0 a 3 ;Segovia;;
Esteril la Bombita;Ratón Pelado;Esteril;OME;3; 0 a 3 ;Segovia;;
PP ESTERIL EL SILENCIO;Ratón Pelado;Esteril;AMS;3; 0 a 3 ;NA;;
PP ESTERIL PROVIDENCIA;Shaft Providencia;Esteril;AMS;3; 0 a 3 ;NA;;
Limo - Alianza Planta MD;Planta Md;Limo;OME;3; 0 a 3 ;NA;;
Maria Dama - Plaza Trio;Plaza Trio;Limo;OME;3; 0 a 3 ;NA;;
Limo - Alianza Minera Silencio;Plaza Trio;Limo;OME;3,1; 3,1 a 8 ;NA;;
PP ESTERIL PROVIDENCIA;Coliseo;Esteril;AMS;3,1; 3,1 a 8 ;NA;;
PP ESTERIL SANDRA K;Alto De Utiquio;Esteril;AMS;3,5; 3,1 a 8 ;NA;;
PP-ESTERIL-OME (MONARCA);Lote Camambolo;Esteril;OME;5,6; 3,1 a 8 ;Segovia;;
Esteril Los Cristales Sociedad Minera S.A.S;Ratón Pelado;Esteril;OME;4; 3,1 a 8 ;Segovia;;
PP-ESTERIL-OME ALIANZA MINER (SK3,7);Ratón Pelado;Esteril;OME;4,3; 3,1 a 8 ;Segovia;;
Limo Alianza Miner - Plaza Trio;Plaza Trio;Limo;OME;4,3; 3,1 a 8 ;NA;;
PP ESTERIL EL SILENCIO - ALIANZA MINER;Ratón Pelado;Esteril;AMS;4,3; 3,1 a 8 ;NA;;
PP ESTERIL PROVIDENCIA;Alto De Utiquio;Esteril;AMS;8,1; 8,1 a 20 ;NA;;
Esteril Antioquia Gold;Ratón Pelado;Esteril;OME;4,5; 3,1 a 8 ;Segovia;;
Esteril La Guarida;Ratón Pelado;Esteril;OME;4,5; 3,1 a 8 ;Remedios;;
Esteril Verdolaga;Ratón Pelado;Esteril;OME;4,5; 3,1 a 8 ;Remedios;;
Esteril la Abundancia;Ratón Pelado;Esteril;OME;5; 3,1 a 8 ;Remedios;;
PP-ESTERIL-OME (LA GINA);Ratón Pelado;Esteril;OME;5; 3,1 a 8 ;Remedios;;
PP-ESTERIL-OME (TRES Y MEDIA);Ratón Pelado;Esteril;OME;5; 3,1 a 8 ;Remedios;;
PP-ESTERIL-OME (FUTURE GOLD);Ratón Pelado;Esteril;OME;5,2; 3,1 a 8 ;Remedios;;
PP ESTERIL PROVIDENCIA;Lote Camambolo;Esteril;AMS;5,3; 3,1 a 8 ;NA;;
Esteril el Bloque;Ratón Pelado;Esteril;OME;5,4; 3,1 a 8 ;Remedios;;
Esteril Explominerales;Shaft Providencia;Esteril;OME;5,8; 3,1 a 8 ;Remedios;;
PP ESTERIL CARLA;Lote Camambolo;Esteril;AMS;6,3; 3,1 a 8 ;NA;;
PP ESTERIL SANDRA K;Shaft Providencia;Esteril;AMS;6,7; 3,1 a 8 ;NA;;
PP ESTERIL EL SILENCIO - ALIANZA MINER;Lote Camambolo;Esteril;AMS;6,9; 3,1 a 8 ;NA;;
PP-ESTERIL-OME (LA GINA);Lote Camambolo;Esteril;AMS;6,8; 3,1 a 8 ;Remedios;;
PP-ESTERIL-OME (LA CUENCA);Ratón Pelado;Esteril;OME;8; 3,1 a 8 ;Remedios;;
PP ESTERIL PROVIDENCIA;Puente Roto;Esteril;AMS;8,2; 8,1 a 20 ;NA;;
Esteril Korea;Ratón Pelado;Esteril;OME;8,3; 8,1 a 20 ;Remedios;;
PP ESTERIL CARLA;Shaft Providencia;Esteril;AMS;8,4; 8,1 a 20 ;NA;;
PP-ESTERIL-OME (TRES Y MEDIA);Shaft Providencia;Esteril;OME;9; 8,1 a 20 ;Remedios;;
Esteril La Gina;Shaft Providencia;Esteril;OME;10,9; 8,1 a 20 ;Remedios;;
PP ESTERIL CARLA;Ratón Pelado;Esteril;AMS;17,5; 8,1 a 20 ;NA;;
PP ESTERIL EL SILENCIO - ALIANZA MINER;Poma Rosa;Esteril;AMS;11; 8,1 a 20 ;NA;;
PP ESTERIL SANDRA K;Lote Camambolo;Esteril;AMS;11,3; 8,1 a 20 ;NA;;
Limo Alianza Miner;Lote V&E;Limo;OME;11,3; 8,1 a 20 ;NA;;
Esteril Fenix Gold;Ratón Pelado;Esteril;OME;11,8; 8,1 a 20 ;Remedios;;
PP ESTERIL EL SILENCIO - ÑEME ÑEME;Shaft Providencia;Esteril;AMS;13,3; 8,1 a 20 ;NA;;
Esteril Standard Gold;Ratón Pelado;Esteril;OME;13,5; 8,1 a 20 ;Remedios;;
PP ESTERIL PROVIDENCIA;Ratón Pelado;Esteril;AMS;14; 8,1 a 20 ;NA;;
Esteril Palma Bonita;Ratón Pelado;Esteril;OME;14,7; 8,1 a 20 ;Remedios;;
PP-ESTERIL-OME (EXPLOMINERALES);Ratón Pelado;Esteril;OME;17,4; 8,1 a 20 ;Remedios;;
PP ESTERIL SANDRA K;Puente Roto;Esteril;AMS;17,8; 8,1 a 20 ;NA;;
PP ESTERIL SANDRA K;Ratón Pelado;Esteril;AMS;18; 8,1 a 20 ;NA;;
PP ESTERIL EL SILENCIO - ALIANZA MINER;Shaft Providencia;Esteril;AMS;18,3; 8,1 a 20 ;NA;;
Esteril Oma;Ratón Pelado;Esteril;OME;18,6; 8,1 a 20 ;Remedios;;
Esteril La Reliquia;Shaft Providencia;Esteril;OME;18,6; 8,1 a 20 ;Segovia;;
PP ESTERIL PROVIDENCIA;Poma Rosa;Esteril;AMS;3; 0 a 3 ;NA;;
PP ESTERIL SANDRA K;Poma Rosa I;Esteril;AMS;8,8; 8,1 a 20 ;NA;;
PP ESTERIL EL SILENCIO - ALIANZA MINER;Alto De Utiquio;Esteril;AMS;11,7; 8,1 a 20 ;NA;;
PP-ESTERIL-OME (LA RELIQUIA);Lote Camambolo;Esteril;OME;5,9; 3,1 a 8 ;Segovia;;
PP-ESTERIL-OME (TRES Y MEDIA);Lote Camambolo;Esteril;OME;3; 0 a 3 ;Remedios;;
PP-ESTERIL-OME (LA VERDOLAGA);Lote Camambolo;Esteril;OME;3,3; 3,1 a 8 ;Remedios;;
PP-ESTERIL-OME (EL BLOQUE);Sandra K;Esteril;OME;3,6; 3,1 a 8 ;Segovia;;
OME-ESTERIL (LA 17);Shaft Providencia;Esteril;OME;8; 3,1 a 8 ;Remedios;;
OME-ESTERIL (LA 17);Alto De Utiquio;Esteril;OME;5; 3,1 a 8 ;Remedios;;
PP ESTERIL CARLA;Ni;Esteril;AMS;11; 8,1 a 20 ;NA;;
PP ESTERIL CARLA;Machete Gold;Esteril;AMS;15,5; 8,1 a 20 ;NA;;
PP ESTERIL CARLA;Poma Rosa;Esteril;AMS;13; 8,1 a 20 ;NA;;
PP ESTERIL EL SILENCIO;Arreglos De Vias Zona Industrial;Esteril;AMS;3; 0 a 3 ;NA;;
PP ESTERIL EL SILENCIO;Estacon;Esteril;AMS;3; 0 a 3 ;NA;;
PP ESTERIL EL SILENCIO;Lote Camambolo;Esteril;AMS;6,6; 3,1 a 8 ;NA;;
PP ESTERIL EL SILENCIO;Ni;Esteril;AMS;8,1; 8,1 a 20 ;NA;;
PP ESTERIL EL SILENCIO;Planta Maria Dama;Esteril;AMS;3; 0 a 3 ;NA;;
PP ESTERIL EL SILENCIO;Plaza Ñeme Ñeme;Esteril;AMS;3; 0 a 3 ;NA;;
PP ESTERIL EL SILENCIO;Plaza Trio;Esteril;AMS;3; 0 a 3 ;NA;;
PP ESTERIL EL SILENCIO;Shaft Providencia;Esteril;AMS;12; 8,1 a 20 ;NA;;
PP ESTERIL EL SILENCIO - ALIANZA MINER;Beta;Esteril;AMS;8,2; 8,1 a 20 ;NA;;
PP ESTERIL EL SILENCIO - ALIANZA MINER;Contratistas;Esteril;AMS;8,3; 8,1 a 20 ;NA;;
PP ESTERIL EL SILENCIO - ALIANZA MINER;Donacion;Esteril;AMS;8,3; 8,1 a 20 ;NA;;
PP ESTERIL EL SILENCIO - ALIANZA MINER;Fase 1B;Esteril;AMS;4,3; 3,1 a 8 ;NA;;
PP ESTERIL EL SILENCIO - ALIANZA MINER;Machete Gold;Esteril;AMS;3; 0 a 3 ;NA;;
PP ESTERIL EL SILENCIO - ALIANZA MINER;Ni;Esteril;AMS;8,2; 8,1 a 20 ;NA;;
PP ESTERIL EL SILENCIO - ALIANZA MINER;Planta Maria Dama;Esteril;AMS;4,3; 3,1 a 8 ;NA;;
PP ESTERIL EL SILENCIO - ALIANZA MINER;Plaza Ñeme Ñeme;Esteril;AMS;4,3; 3,1 a 8 ;NA;;
PP ESTERIL EL SILENCIO - ALIANZA MINER;Poma Rosa;Esteril;AMS;10,9; 8,1 a 20 ;NA;;
PP ESTERIL EL SILENCIO - ALIANZA MINER;Sandra K;Esteril;AMS;19,6; 8,1 a 20 ;NA;;
PP ESTERIL EL SILENCIO - ALIANZA MINER;Trituradora Chispero;Esteril;AMS;18,6; 8,1 a 20 ;NA;;
PP ESTERIL EL SILENCIO - PORTAL 500;Lote Camambolo;Esteril;AMS;6,6; 3,1 a 8 ;NA;;
PP ESTERIL EL SILENCIO - ÑEME ÑEME;Lote Camambolo;Esteril;AMS;6,6; 3,1 a 8 ;NA;;
PP ESTERIL EL SILENCIO - ÑEME ÑEME;Ni;Esteril;AMS;3; 0 a 3 ;NA;;
PP ESTERIL EL SILENCIO - ÑEME ÑEME;Nii;Esteril;AMS;4; 3,1 a 8 ;NA;;
PP ESTERIL EL SILENCIO - ÑEME ÑEME;Niii;Esteril;AMS;8,3; 8,1 a 20 ;NA;;
PP ESTERIL EL SILENCIO - ÑEME ÑEME;Planta Maria Dama;Esteril;AMS;3; 0 a 3 ;NA;;
PP ESTERIL EL SILENCIO - PLANTA MARIA DAMA;Lote Camambolo;Esteril;AMS;6,6; 3,1 a 8 ;NA;;
PP ESTERIL PROVIDENCIA;Alto De Los Muertos;Esteril;AMS;4,5; 3,1 a 8 ;NA;;
PP ESTERIL PROVIDENCIA;Arreglos De Vias Providencia;Esteril;AMS;3; 0 a 3 ;NA;;
PP ESTERIL PROVIDENCIA;Arreglos De Vias Zona Industrial;Esteril;AMS;14; 8,1 a 20 ;NA;;
PP ESTERIL PROVIDENCIA;Arreglos Vias Comunidad;Esteril;AMS;5; 3,1 a 8 ;NA;;
PP ESTERIL PROVIDENCIA;Arreglos Zonas Varias;Esteril;AMS;14; 8,1 a 20 ;NA;;
PP ESTERIL PROVIDENCIA;Beta;Esteril;AMS;4,5; 3,1 a 8 ;NA;;
PP ESTERIL PROVIDENCIA;Carla;Esteril;AMS;7,5; 3,1 a 8 ;NA;;
PP ESTERIL PROVIDENCIA;Casa Pampa Verde;Esteril;AMS;9,9; 8,1 a 20 ;NA;;
PP ESTERIL PROVIDENCIA;Coliseo;Esteril;AMS;3,1; 3,1 a 8 ;NA;;
PP ESTERIL PROVIDENCIA;Donacion;Esteril;AMS;4; 3,1 a 8 ;NA;;
PP ESTERIL PROVIDENCIA;Donacionn;Esteril;AMS;3; 0 a 3 ;NA;;
PP ESTERIL PROVIDENCIA;Donacionnn;Esteril;AMS;8,1; 8,1 a 20 ;NA;;
PP ESTERIL PROVIDENCIA;Esterilsilencio (Alianza Minera);Esteril;AMS;12,4; 8,1 a 20 ;NA;;
PP ESTERIL PROVIDENCIA;Explotaciones Gold;Esteril;AMS;13,5; 8,1 a 20 ;NA;;
PP ESTERIL PROVIDENCIA;Fase 1B;Esteril;AMS;14; 8,1 a 20 ;NA;;
PP ESTERIL PROVIDENCIA;Filtroprensa;Esteril;AMS;14; 8,1 a 20 ;NA;;
PP ESTERIL PROVIDENCIA;La Patera;Esteril;AMS;9,2; 8,1 a 20 ;NA;;
PP ESTERIL PROVIDENCIA;Machete Gold;Esteril;AMS;10,1; 8,1 a 20 ;NA;;
PP ESTERIL PROVIDENCIA;Machete Gold I;Esteril;AMS;3; 0 a 3 ;NA;;
PP ESTERIL PROVIDENCIA;Machete Gold II;Esteril;AMS;5,6; 3,1 a 8 ;NA;;
PP ESTERIL PROVIDENCIA;Nii;Esteril;AMS;3; 0 a 3 ;NA;;
PP ESTERIL PROVIDENCIA;Ni;Esteril;AMS;3,1; 3,1 a 8 ;NA;;
PP ESTERIL PROVIDENCIA;Oficinas Generales;Esteril;AMS;10,4; 8,1 a 20 ;NA;;
PP ESTERIL PROVIDENCIA;Pampa Verde;Esteril;AMS;3; 0 a 3 ;NA;;
PP ESTERIL PROVIDENCIA;Planta Doña Ana;Esteril;AMS;11,5; 8,1 a 20 ;NA;;
PP ESTERIL PROVIDENCIA;Planta Maria Dama;Esteril;AMS;14; 8,1 a 20 ;NA;;
PP ESTERIL PROVIDENCIA;Planta Maria Dama-Trio;Esteril;AMS;14; 8,1 a 20 ;NA;;
PP ESTERIL PROVIDENCIA;Plaza Ñeme Ñeme;Esteril;AMS;14; 8,1 a 20 ;NA;;
PP ESTERIL PROVIDENCIA;Plaza Trio;Esteril;AMS;14; 8,1 a 20 ;NA;;
PP ESTERIL PROVIDENCIA;Relleno Higueron;Esteril;AMS;3; 0 a 3 ;NA;;
PP ESTERIL PROVIDENCIA;Sandra K;Esteril;AMS;6,1; 3,1 a 8 ;NA;;
PP ESTERIL PROVIDENCIA;Silencio;Esteril;AMS;14; 8,1 a 20 ;NA;;
PP ESTERIL PROVIDENCIA;Trituradora Alto De Los Muertos;Esteril;AMS;4,5; 3,1 a 8 ;NA;;
PP ESTERIL PROVIDENCIA;Trituradora Chispero;Esteril;AMS;20,8; 8,1 a 20 ;NA;;
PP ESTERIL PROVIDENCIA;Trituradora Poma Rosa;Esteril;AMS;5,9; 3,1 a 8 ;NA;;
PP ESTERIL PROVIDENCIA;Vivero;Esteril;AMS;3; 0 a 3 ;NA;;
PP ESTERIL SANDRA K;Arreglos De Vias Providencia;Esteril;AMS;8,3; 8,1 a 20 ;NA;;
PP ESTERIL SANDRA K;Arreglos De Vias Sandra K;Esteril;AMS;3; 0 a 3 ;NA;;
PP ESTERIL SANDRA K;Arreglos De Vias Zona Industrial;Esteril;AMS;6,4; 3,1 a 8 ;NA;;
PP ESTERIL SANDRA K;Arreglos De Vias Zona Industrial I;Esteril;AMS;18; 8,1 a 20 ;NA;;
PP ESTERIL SANDRA K;Beta;Esteril;AMS;12,9; 8,1 a 20 ;NA;;
PP ESTERIL SANDRA K;Beta I;Esteril;AMS;5,5; 3,1 a 8 ;NA;;
PP ESTERIL SANDRA K;Carla;Esteril;AMS;16,7; 8,1 a 20 ;NA;;
PP ESTERIL SANDRA K;Coliseo;Esteril;AMS;20,1; 8,1 a 20 ;NA;;
PP ESTERIL SANDRA K;Contratistas;Esteril;AMS;5,5; 3,1 a 8 ;NA;;
PP ESTERIL SANDRA K;Donacion;Esteril;AMS;5,5; 3,1 a 8 ;NA;;
PP ESTERIL SANDRA K;Donacion I;Esteril;AMS;14; 8,1 a 20 ;NA;;
PP ESTERIL SANDRA K;Esterilsilencio (Alianza Minera);Esteril;AMS;20; 8,1 a 20 ;NA;;
PP ESTERIL SANDRA K;Exploracion;Esteril;AMS;18; 8,1 a 20 ;NA;;
PP ESTERIL SANDRA K;Fase 1B;Esteril;AMS;6,4; 3,1 a 8 ;NA;;
PP ESTERIL SANDRA K;La Patera;Esteril;AMS;16,2; 8,1 a 20 ;NA;;
PP ESTERIL SANDRA K;Machete Gold II;Esteril;AMS;6,4; 3,1 a 8 ;NA;;
PP ESTERIL SANDRA K;Machete Gold;Esteril;AMS;17,1; 8,1 a 20 ;NA;;
PP ESTERIL SANDRA K;Ni;Esteril;AMS;6,4; 3,1 a 8 ;NA;;
PP ESTERIL SANDRA K;Nii;Esteril;AMS;8,2; 8,1 a 20 ;NA;;
PP ESTERIL SANDRA K;Plaza Ñeme Ñeme;Esteril;AMS;18; 8,1 a 20 ;NA;;
PP ESTERIL SANDRA K;Pampa Verde;Esteril;AMS;7,3; 3,1 a 8 ;NA;;
PP ESTERIL SANDRA K;Pampa Verde I;Esteril;AMS;8,8; 8,1 a 20 ;NA;;
PP ESTERIL SANDRA K;Planta Maria Dama;Esteril;AMS;18; 8,1 a 20 ;NA;;
PP ESTERIL SANDRA K;Plaza Ñeme Ñeme I;Esteril;AMS;6,4; 3,1 a 8 ;NA;;
PP ESTERIL SANDRA K;Plaza Trio;Esteril;AMS;18; 8,1 a 20 ;NA;;
PP ESTERIL SANDRA K;Polvorín De Beta;Esteril;AMS;6,5; 3,1 a 8 ;NA;;
PP ESTERIL SANDRA K;Poma Rosa;Esteril;AMS;7,3; 3,1 a 8 ;NA;;
PP ESTERIL SANDRA K;Relleno Higueron;Esteril;AMS;7,5; 3,1 a 8 ;NA;;
PP ESTERIL SANDRA K;Silencio;Esteril;AMS;18; 8,1 a 20 ;NA;;
PP ESTERIL SANDRA K;Trituradora Alto De Los Muertos;Esteril;AMS;13,4; 8,1 a 20 ;NA;;
PP ESTERIL SANDRA K;Trituradora Poma Rosa;Esteril;AMS;9,8; 8,1 a 20 ;NA;;
PP ESTERIL SANDRA K;Zona Industria Silencio ;Esteril;AMS;18; 8,1 a 20 ;NA;;
PP-ESTERIL-OME (EL BLOQUE);Ni;Esteril;OME;8,8; 8,1 a 20 ;Segovia;;
PP-ESTERIL-OME (EXPLOMINERALES);Ni;Esteril;OME;17,4; 8,1 a 20 ;Remedios;;
PP-ESTERIL-OME (FUTURE GOLD);Lote Camambolo;Esteril;OME;9; 8,1 a 20 ;Remedios;;
PP-ESTERIL-OME (FUTURE GOLD);Ni;Esteril;OME;8,8; 8,1 a 20 ;Remedios;;
PP-ESTERIL-OME (LA CUENCA);Lote Camambolo;Esteril;OME;10; 8,1 a 20 ;Remedios;;
PP-ESTERIL-OME (LA CUENCA);Ni;Esteril;OME;8,1; 8,1 a 20 ;Remedios;;
PP-ESTERIL-OME (LA GINA);Shaft Providencia;Esteril;OME;10,9; 8,1 a 20 ;Remedios;;
PP-ESTERIL-OME (LA RELIQUIA);Ni;Esteril;OME;9; 8,1 a 20 ;Segovia;;
PP-ESTERIL-OME (LA RELIQUIA);Shaft Providencia;Esteril;OME;11,8; 8,1 a 20 ;Segovia;;
PP-ESTERIL-OME (LA VERDOLAGA);Ni;Esteril;OME;5; 3,1 a 8 ;Remedios;;
PP-ESTERIL-OME (LA VERDOLAGA);Ratón Pelado;Esteril;OME;4,6; 3,1 a 8 ;Remedios;;
PP-ESTERIL-OME (LAS AVES);Lote Camambolo;Esteril;OME;8,3; 8,1 a 20 ;Remedios;;
PP-ESTERIL-OME (MONARCA);Ni;Esteril;OME;8,1; 8,1 a 20 ;Segovia;;
PP-ESTERIL-OME (MONARCA);Plaza Trio;Esteril;OME;3; 0 a 3 ;Segovia;;
PP-ESTERIL-OME (SAN FENIX);Coliseo;Esteril;OME;3,5; 3,1 a 8 ;Segovia;;
PP-ESTERIL-OME (SAN FENIX);Ni;Esteril;OME;3,6; 3,1 a 8 ;Segovia;;
PP-ESTERIL-OME (SAN FENIX);Shaft Providencia;Esteril;OME;3,1; 3,1 a 8 ;Segovia;;
PP-ESTERIL-OME (TRES Y MEDIA);Explotaciones Gold;Esteril;OME;4,8; 3,1 a 8 ;Remedios;;
PP-ESTERIL-OME (TRES Y MEDIA);Mina Inversiones Extra;Esteril;OME;3,1; 3,1 a 8 ;Remedios;;
PP-ESTERIL-OME (TRES Y MEDIA);Ni;Esteril;OME;8,2; 8,1 a 20 ;Remedios;;
PP-ESTERIL-OME (TRES Y MEDIA);Sandra K;Esteril;OME;15; 8,1 a 20 ;Remedios;;
PP-ESTERIL-OME (TRES Y MEDIA);Silencio;Esteril;OME;5; 3,1 a 8 ;Remedios;;
PP-ESTERIL-OME ALIANZA MINER (SK3,7);Ni;Esteril;OME;3; 0 a 3 ;Segovia;;
PP-ESTERIL-OME ALIANZA MINER (SK3,7);Alto De Utiquio;Esteril;OME;4,2; 3,1 a 8 ;Segovia;;
PP-ESTERIL-OME ALIANZA MINER (SK3,7);Poma Rosa;Esteril;OME;7,5; 3,1 a 8 ;Segovia;;
TRITURADORA CHISPERO;Mina Carla;Esteril;AMS;19,7; 8,1 a 20 ;Segovia;;
TRITURADORA CHISPERO;Mina Silencio;Esteril;AMS;17,5; 8,1 a 20 ;Segovia;;
TRITURADORA CHISPERO;Pampa Verde;Esteril;AMS;20,9; 8,1 a 20 ;Segovia;;
TRITURADORA CHISPERO;Plaza Ñeme Ñeme;Esteril;AMS;17,5; 8,1 a 20 ;Segovia;;
TRITURADORA CHISPERO;Mina Providencia;Esteril;AMS;20,9; 8,1 a 20 ;Segovia;;
TRITURADORA CHISPERO;Mina Sandra K;Esteril;AMS;26,7; 8,1 a 20 ;Segovia;;
PP ESTERIL SANDRA K;Arreglos Zonas Varias;Esteril;AMS;18; 8,1 a 20 ;NA;;
PP ESTERIL PROVIDENCIA;Mina Carla;Esteril;AMS;7,5; 3,1 a 8 ;NA;;
PP ESTERIL EL SILENCIO - PORTAL 500;Plaza Trio;Esteril;AMS;3; 0 a 3 ;NA;;
PP ESTERIL EL SILENCIO - PORTAL 500;Ratón Pelado;Esteril;AMS;3; 0 a 3 ;NA;;
PP ESTERIL SANDRA K;Campo Alegre;Esteril;AMS;18; 8,1 a 20 ;NA;;
PP-ESTERIL-OME (LA RELIQUIA);Ratón Pelado;Esteril;OME;3; 0 a 3 ;Segovia;;
PP-ESTERIL-OME (LA RELIQUIA);Planta Maria Dama;Esteril;OME;3; 0 a 3 ;Segovia;;
PP-ESTERIL-OME (LA GINA);Plaza Trio;Esteril;OME;5; 3,1 a 8 ;Remedios;;
PP ESTERIL PROVIDENCIA;Portal 500;Esteril;AMS;14; 8,1 a 20 ;NA;;
PP-ESTERIL-OME (TRES Y MEDIA);Casa Pampa Verde;Esteril;OME;7; 3,1 a 8 ;Remedios;;
PP ESTERIL SANDRA K;Alto De Los Muertos;Esteril;AMS;12; 8,1 a 20 ;NA;;
PP ESTERIL SANDRA K;Terrazas;Esteril;AMS;18; 8,1 a 20 ;NA;;
PP ESTERIL EL SILENCIO;Terrazas;Esteril;AMS;3; 0 a 3 ;NA;;
PP ESTERIL PROVIDENCIA;Terrazas;Esteril;AMS;14; 8,1 a 20 ;NA;;
PP ESTERIL SANDRA K;La Reliquia;Esteril;AMS;19; 8,1 a 20 ;NA;;
PP-ESTERIL-OME (LA CUENCA);Silencio;Esteril;OME;8; 3,1 a 8 ;Remedios;;
PP ESTERIL EL SILENCIO - ALIANZA MINER SK 3,7;Lote Camambolo;Esteril;OME;6,9; 3,1 a 8 ;Segovia;;
PP ESTERIL SANDRA K;Mina Nordic;Esteril;AMS;3,2; 3,1 a 8 ;Segovia;;
PP ESTERIL SANDRA K RC;Ratón Pelado;Esteril;AMS;5,9; 3,1 a 8 ;NA;;
PP ESTERIL PROVIDENCIA RC;Ratón Pelado;Esteril;AMS;5,4; 3,1 a 8 ;NA;;
PP ESTERIL SANDRA K;Acopio Relleno Municipal;Esteril;AMS;3,3; 3,1 a 8 ;NA;;
PP ESTERIL SANDRA K RC;Terrazas;Esteril;AMS;5,9; 3,1 a 8 ;NA;;
PP ESTERIL SANDRA K RC;Machete Gold;Esteril;AMS;5,7; 3,1 a 8 ;NA;;
MACHETE GOLD;Batallón;Esteril;AMS;1,5; 0 a 3 ;NA;;
PP ESTERIL SANDRA K;Mina Diamante;Esteril;AMS;10,4; 8,1 a 20 ;NA;;
PP ESTERIL SANDRA K;Puente La Quimbaya;Esteril;AMS;10,3; 8,1 a 20 ;NA;;
PP-ESTERIL-OME (LA RELIQUIA);Terrazas;Esteril;OME;3; 0 a 3 ;Segovia;;
PP-ESTERIL-OME (LA RELIQUIA);Puente Bolivia;Esteril;OME;2,1; 0 a 3 ;Segovia;;
PP-ESTERIL-OME (LA RELIQUIA);Machete Gold;Esteril;OME;2; 0 a 3 ;Segovia;;
PP ESTERIL EL SILENCIO - PORTAL 500;Batallón;Esteril;AMS;1,6; 0 a 3 ;NA;;
PP ESTERIL SANDRA K;Mina Quimbaya;Esteril;AMS;17,5; 8,1 a 20 ;NA;;
PP ESTERIL PROVIDENCIA;Batallón;Esteril;AMS;10,4; 8,1 a 20 ;NA;;
PP ESTERIL SANDRA K;Explominerales;Esteril;AMS;3; 0 a 3 ;NA;;
PP ESTERIL EL SILENCIO;Portal 500;Esteril;AMS;3; 0 a 3 ;NA;;
PP ESTERIL SANDRA K;Batallón;Esteril;AMS;19,4; 8,1 a 20 ;NA;;
PP ESTERIL EL SILENCIO;Batallón;Esteril;AMS;1,8; 0 a 3 ;NA;;
PP ESTERIL PROVIDENCIA;Alianza Miner;Esteril;AMS;12,4; 8,1 a 20 ;NA;;
PP ESTERIL SANDRA K;Buenos Aires;Esteril;AMS;3; 0 a 3 ;NA;;
PP ESTERIL EL SILENCIO - PORTAL 500;Pampa Verde;Esteril;AMS;12,4; 8,1 a 20 ;NA;;
PP ESTERIL PROVIDENCIA;MINA SAN FENIX;Esteril;AMS;2,5; 0 a 3 ;NA;;
PP ESTERIL PROVIDENCIA;Acopio Relleno Municipal;Esteril;AMS;2,8;0 a 3;Remedios;;
PP ESTERIL SANDRA K;MINA SAN FENIX;Esteril;AMS;3,4; 3,1 a 8 ;NA;;
PP ESTERIL SANDRA K;VIA MONTAROCA;Esteril;AMS;4,1; 3,1 a 8 ;NA;;
PP ESTERIL SANDRA K RC;Portal 500;Esteril;AMS;5,7; 3,1 a 8 ;NA;;
PP ESTERIL SANDRA K RC;Trituracion-Plaza Trio;Esteril;AMS;5,7; 3,1 a 8 ;NA;;
PP ESTERIL EL SILENCIO - PORTAL 500;Terrazas;Esteril;AMS;3; 0 a 3 ;NA;;
PP ESTERIL PROVIDENCIA;VIA MONTAROCA;Esteril;AMS;7,2; 3,1 a 8 ;NA;;
PP ESTERIL PROVIDENCIA;Oro Perdido;Esteril;AMS;14; 8,1 a 20 ;NA;;
PP ESTERIL PROVIDENCIA RC;Casa Martín;Esteril;AMS;5,4; 3,1 a 8 ;NA;;
PP ESTERIL PROVIDENCIA;Oro Manantial;Esteril;AMS;3; 0 a 3 ;NA;;
PP ESTERIL SANDRA K RC;Casa Martin;Esteril;AMS;5,7; 3,1 a 8 ;NA;;
PP ESTERIL SANDRA K;Oro Manantial;Esteril;AMS;5,3; 3,1 a 8 ;Segovia;;
PP ESTERIL PROVIDENCIA RC;Arreglos De Vias Zona Industrial;Esteril;AMS;5,4; 3,1 a 8 ;NA;;
PP ESTERIL PROVIDENCIA;ACOPIO POMAROSA;Esteril;AMS;5; 3,1 a 8 ;Remedios;;
PP ESTERIL SANDRA K;Arreglo De Vias Zona Industrial;Esteril;AMS;18; 8,1 a 20 ;NA;;
PP ESTERIL SANDRA K RC;Plaza Trio;Esteril;AMS;5,7; 3,1 a 8 ;NA;;
PP ESTERIL PROVIDENCIA RC;Plaza Trio;Esteril;AMS;5,4; 3,1 a 8 ;NA;;
PP-ESTERIL-OME (SAN FENIX);Poma Rosa;Esteril;OME;3; 0 a 3 ;Segovia;;
PP ESTERIL SANDRA K;Planta Maria Dama-Trio;Esteril;AMS;18; 8,1 a 20 ;NA;;
PP ESTERIL PROVIDENCIA;Mina Cristales;Esteril;AMS;15,6; 8,1 a 20 ;NA;;
PP ESTERIL SANDRA K;Explotaciones Gold;Esteril;AMS;21; 8,1 a 20 ;NA;;
PP ESTERIL SANDRA K;RH Planta de colas y relaves.;Esteril;AMS;18; 8,1 a 20 ;NA;;
PP-ESTERIL-OME (LA RELIQUIA);Explominerales;Esteril;OME;16,2; 8,1 a 20 ;Segovia;;
PP ESTERIL SANDRA K RC;Alianza Miner;Esteril;AMS;8,7; 8,1 a 20 ;NA;;
PLAZA TRIO - GOLDEN BEAK;OME-ESTERIL-GOLDEN BEAK;Esteril;OME;8,2; 8,1 a 20 ;NA;;
PP ESTERIL PROVIDENCIA RC;Plaza Ñeme Ñeme;Esteril;AMS;5,4; 3,1 a 8 ;NA;;
PP ESTERIL EL SILENCIO;La Patera;Esteril;AMS;3; 0 a 3 ;NA;;
PP ESTERIL SANDRA K RC;Portal 500;Esteril;AMS;5,9; 3,1 a 8 ;NA;;
PP ESTERIL EL SILENCIO;Silencio - Bolivia Alto;Esteril;AMS;3; 0 a 3 ;NA;;
PLAZA TRIO - GOLDEN BEAK;MACHETE GOLD;Esteril;OME;3; 0 a 3 ;NA;;
PP-ESTERIL-OME (LA CUENCA);Silencio - Bolivia Alto;Esteril;OME;8; 3,1 a 8 ;Remedios;;
PP-ESTERIL-OME (LA CUENCA);Vía Cuenca;Esteril;OME;3; 0 a 3 ;Remedios;;
PP ESTERIL SANDRA K;MINA LA 17;Esteril;AMS;6; 3,1 a 8 ;NA;;
PP ESTERIL SANDRA K;Puente Bolivia;Esteril;AMS;12; 8,1 a 20 ;;;
PP ESTERIL EL SILENCIO;MACHETE GOLD;Esteril;AMS;3; 0 a 3 ;;;
